0,1,2,3,4,5,6,7,8,9,10,11,12,13,14,15,16,17,18,19,20,21,22,23,24,25,26,27,28,29,30,31,32,33,34,35,36,37,38,39,40,41,42,43,44,45,46,47,48,49,50,51,52,53,54,55,56,57,58,59,60,61
"{'Paolo', 'Stitching Pink', 'Readie Righteous', 'ROBO_Head, the AI DJ', 'DJ Flex Luthor', 'Jen', 'Lenca', 'Esoterica', 'Mike Lupica', 'Wilbo', 'Lizbot', 'Dan Ruccia', 'Andi', 'Jerry Gordon', 'Mary Kate', 'DJ Pup', 'Nikhil', 'hanna', 'tomm', 'Anika', 'Paige', 'KPC', 'Adam from News and Culture // Methuselah Mouse', 'haley', 'ameena', 'Dylan Fox', 'Captain Ahab', 'Grady', 'Jon Solomon', 'Commie Francis', 'John Tobias', 'Wax', 'Pat', 'Dana K', 'Dante', 'Tim', 'Casey', 'Krista', 'Henry', 'DJ Ringworm', 'DJ WaveyCat', 'DJ Breezy', 'Pethie', 'CJ', 'Sonny Boy Williamson III', 'Dan Buskirk', 'ramona jade', 'Classy Murmur', 'DJ McSweden', 'Horsewater', 'DJ Nem', 'sara', 'Freddie Furia', 'wired academic', 'Lili', 'PAX'}","{'xenfoyel', 'Bernie King'}","{'Number 6', 'Mike Hunter'}","{'Selecta Jerry', 'Isadora'}",,,,,,,,,,,,,,,,,,,,,,,,,,,,,,,,,,,,,,,,,,,,,,,,,,,,,,,,,,
"{'Paolo', 'Stitching Pink', 'Readie Righteous', 'ROBO_Head, the AI DJ', 'Jen', 'Lenca', 'Esoterica', 'Mike Lupica', 'Wilbo', 'Lizbot', 'Dan Ruccia', 'Andi', 'Jerry Gordon', 'Mary Kate', 'DJ Pup', 'hanna', 'tomm', 'Anika', 'Paige', 'KPC', 'Adam from News and Culture // Methuselah Mouse', 'haley', 'ameena', 'Dylan Fox', 'Grady', 'Jon Solomon', 'Commie Francis', 'John Tobias', 'Wax', 'Pat', 'Dana K', 'Dante', 'Tim', 'Casey', 'Krista', 'Henry', 'DJ Ringworm', 'DJ WaveyCat', 'DJ Breezy', 'Pethie', 'CJ', 'Sonny Boy Williamson III', 'Dan Buskirk', 'ramona jade', 'Classy Murmur', 'DJ McSweden', 'Horsewater', 'DJ Nem', 'sara', 'Freddie Furia', 'wired academic', 'Lili', 'PAX'}","{'xenfoyel', 'Bernie King'}","{'Nikhil', 'DJ Flex Luthor', 'Captain Ahab'}","{'Number 6', 'Mike Hunter'}","{'Selecta Jerry', 'Isadora'}",,,,,,,,,,,,,,,,,,,,,,,,,,,,,,,,,,,,,,,,,,,,,,,,,,,,,,,,,
"{'Paolo', 'Stitching Pink', 'Readie Righteous', 'ROBO_Head, the AI DJ', 'Jen', 'Lenca', 'Esoterica', 'Mike Lupica', 'Wilbo', 'Lizbot', 'Dan Ruccia', 'Andi', 'Jerry Gordon', 'Mary Kate', 'DJ Pup', 'hanna', 'tomm', 'Anika', 'Paige', 'KPC', 'Adam from News and Culture // Methuselah Mouse', 'ameena', 'Dylan Fox', 'Grady', 'Jon Solomon', 'Commie Francis', 'John Tobias', 'Wax', 'Pat', 'Dana K', 'Dante', 'Tim', 'Casey', 'Krista', 'Henry', 'DJ Ringworm', 'DJ WaveyCat', 'DJ Breezy', 'Pethie', 'CJ', 'Sonny Boy Williamson III', 'Dan Buskirk', 'ramona jade', 'Classy Murmur', 'DJ McSweden', 'Horsewater', 'DJ Nem', 'sara', 'Freddie Furia', 'wired academic', 'Lili', 'PAX'}",{'haley'},"{'xenfoyel', 'Bernie King'}","{'Nikhil', 'DJ Flex Luthor', 'Captain Ahab'}","{'Number 6', 'Mike Hunter'}","{'Selecta Jerry', 'Isadora'}",,,,,,,,,,,,,,,,,,,,,,,,,,,,,,,,,,,,,,,,,,,,,,,,,,,,,,,,
"{'Paolo', 'Stitching Pink', 'Readie Righteous', 'ROBO_Head, the AI DJ', 'Jen', 'Lenca', 'Esoterica', 'Mike Lupica', 'Wilbo', 'Lizbot', 'Dan Ruccia', 'Andi', 'Jerry Gordon', 'DJ Pup', 'hanna', 'tomm', 'Anika', 'Paige', 'KPC', 'Adam from News and Culture // Methuselah Mouse', 'ameena', 'Dylan Fox', 'Grady', 'Jon Solomon', 'Commie Francis', 'John Tobias', 'Wax', 'Pat', 'Dana K', 'Dante', 'Tim', 'Casey', 'Krista', 'Henry', 'DJ Ringworm', 'DJ WaveyCat', 'DJ Breezy', 'Pethie', 'CJ', 'Sonny Boy Williamson III', 'Dan Buskirk', 'ramona jade', 'Classy Murmur', 'DJ McSweden', 'Horsewater', 'DJ Nem', 'sara', 'Freddie Furia', 'wired academic', 'Lili', 'PAX'}",{'haley'},"{'xenfoyel', 'Bernie King'}","{'Nikhil', 'DJ Flex Luthor', 'Captain Ahab'}","{'Number 6', 'Mike Hunter'}",{'Mary Kate'},"{'Selecta Jerry', 'Isadora'}",,,,,,,,,,,,,,,,,,,,,,,,,,,,,,,,,,,,,,,,,,,,,,,,,,,,,,,
"{'Paolo', 'Stitching Pink', 'Readie Righteous', 'ROBO_Head, the AI DJ', 'Jen', 'Lenca', 'Esoterica', 'Mike Lupica', 'Wilbo', 'Lizbot', 'Dan Ruccia', 'Andi', 'Jerry Gordon', 'DJ Pup', 'hanna', 'tomm', 'Anika', 'Paige', 'KPC', 'Adam from News and Culture // Methuselah Mouse', 'ameena', 'Dylan Fox', 'Grady', 'Jon Solomon', 'Commie Francis', 'John Tobias', 'Wax', 'Pat', 'Dana K', 'Dante', 'Tim', 'Casey', 'Krista', 'Henry', 'DJ Ringworm', 'DJ WaveyCat', 'Pethie', 'CJ', 'Sonny Boy Williamson III', 'Dan Buskirk', 'ramona jade', 'Classy Murmur', 'DJ McSweden', 'Horsewater', 'DJ Nem', 'sara', 'Freddie Furia', 'wired academic', 'Lili', 'PAX'}",{'haley'},"{'xenfoyel', 'Bernie King'}","{'Nikhil', 'DJ Flex Luthor', 'Captain Ahab'}","{'Number 6', 'Mike Hunter'}",{'Mary Kate'},{'DJ Breezy'},"{'Selecta Jerry', 'Isadora'}",,,,,,,,,,,,,,,,,,,,,,,,,,,,,,,,,,,,,,,,,,,,,,,,,,,,,,
"{'Paolo', 'Stitching Pink', 'Readie Righteous', 'ROBO_Head, the AI DJ', 'Jen', 'Lenca', 'Esoterica', 'Mike Lupica', 'Wilbo', 'Lizbot', 'Dan Ruccia', 'Andi', 'Jerry Gordon', 'DJ Pup', 'hanna', 'tomm', 'Anika', 'Paige', 'KPC', 'Adam from News and Culture // Methuselah Mouse', 'ameena', 'Dylan Fox', 'Grady', 'Jon Solomon', 'Commie Francis', 'John Tobias', 'Wax', 'Pat', 'Dana K', 'Dante', 'Tim', 'Casey', 'Krista', 'DJ Ringworm', 'DJ WaveyCat', 'Pethie', 'CJ', 'Sonny Boy Williamson III', 'Dan Buskirk', 'ramona jade', 'Classy Murmur', 'DJ McSweden', 'Horsewater', 'DJ Nem', 'sara', 'Freddie Furia', 'wired academic', 'Lili', 'PAX'}",{'haley'},"{'xenfoyel', 'Bernie King'}","{'Nikhil', 'DJ Flex Luthor', 'Captain Ahab'}","{'Number 6', 'Mike Hunter'}",{'Mary Kate'},{'DJ Breezy'},{'Henry'},"{'Selecta Jerry', 'Isadora'}",,,,,,,,,,,,,,,,,,,,,,,,,,,,,,,,,,,,,,,,,,,,,,,,,,,,,
"{'Paolo', 'Stitching Pink', 'Readie Righteous', 'ROBO_Head, the AI DJ', 'Jen', 'Lenca', 'Esoterica', 'Mike Lupica', 'Wilbo', 'Lizbot', 'Dan Ruccia', 'Andi', 'Jerry Gordon', 'DJ Pup', 'hanna', 'tomm', 'Anika', 'Paige', 'KPC', 'Adam from News and Culture // Methuselah Mouse', 'ameena', 'Dylan Fox', 'Grady', 'Jon Solomon', 'Commie Francis', 'John Tobias', 'Wax', 'Pat', 'Dana K', 'Dante', 'Tim', 'Casey', 'Krista', 'DJ Ringworm', 'DJ WaveyCat', 'Pethie', 'CJ', 'Sonny Boy Williamson III', 'Dan Buskirk', 'ramona jade', 'Classy Murmur', 'DJ McSweden', 'DJ Nem', 'sara', 'Freddie Furia', 'wired academic', 'Lili', 'PAX'}",{'haley'},"{'xenfoyel', 'Bernie King'}","{'Nikhil', 'DJ Flex Luthor', 'Captain Ahab'}",{'Horsewater'},"{'Number 6', 'Mike Hunter'}",{'Mary Kate'},{'DJ Breezy'},{'Henry'},"{'Selecta Jerry', 'Isadora'}",,,,,,,,,,,,,,,,,,,,,,,,,,,,,,,,,,,,,,,,,,,,,,,,,,,,
"{'Paolo', 'Stitching Pink', 'Readie Righteous', 'ROBO_Head, the AI DJ', 'Jen', 'Lenca', 'Esoterica', 'Mike Lupica', 'Wilbo', 'Lizbot', 'Dan Ruccia', 'Andi', 'Jerry Gordon', 'hanna', 'tomm', 'Anika', 'Paige', 'KPC', 'Adam from News and Culture // Methuselah Mouse', 'ameena', 'Dylan Fox', 'Grady', 'Jon Solomon', 'Commie Francis', 'John Tobias', 'Wax', 'Pat', 'Dana K', 'Dante', 'Tim', 'Casey', 'Krista', 'DJ Ringworm', 'DJ WaveyCat', 'Pethie', 'CJ', 'Sonny Boy Williamson III', 'Dan Buskirk', 'ramona jade', 'Classy Murmur', 'DJ McSweden', 'DJ Nem', 'sara', 'Freddie Furia', 'wired academic', 'Lili', 'PAX'}",{'haley'},"{'xenfoyel', 'Bernie King'}","{'Nikhil', 'DJ Flex Luthor', 'Captain Ahab'}",{'Horsewater'},"{'Number 6', 'Mike Hunter'}",{'Mary Kate'},{'DJ Breezy'},{'DJ Pup'},{'Henry'},"{'Selecta Jerry', 'Isadora'}",,,,,,,,,,,,,,,,,,,,,,,,,,,,,,,,,,,,,,,,,,,,,,,,,,,
"{'Paolo', 'Stitching Pink', 'Readie Righteous', 'ROBO_Head, the AI DJ', 'Jen', 'Lenca', 'Esoterica', 'Mike Lupica', 'Wilbo', 'Lizbot', 'Dan Ruccia', 'Andi', 'Jerry Gordon', 'hanna', 'tomm', 'Anika', 'Paige', 'KPC', 'Adam from News and Culture // Methuselah Mouse', 'ameena', 'Dylan Fox', 'Grady', 'Jon Solomon', 'Commie Francis', 'John Tobias', 'Wax', 'Pat', 'Dana K', 'Dante', 'Tim', 'Casey', 'DJ Ringworm', 'DJ WaveyCat', 'Pethie', 'CJ', 'Sonny Boy Williamson III', 'Dan Buskirk', 'ramona jade', 'Classy Murmur', 'DJ McSweden', 'DJ Nem', 'sara', 'Freddie Furia', 'wired academic', 'Lili', 'PAX'}",{'haley'},"{'xenfoyel', 'Bernie King'}","{'Nikhil', 'DJ Flex Luthor', 'Captain Ahab'}",{'Horsewater'},"{'Number 6', 'Mike Hunter'}",{'Mary Kate'},{'DJ Breezy'},{'DJ Pup'},{'Henry'},"{'Selecta Jerry', 'Isadora'}",{'Krista'},,,,,,,,,,,,,,,,,,,,,,,,,,,,,,,,,,,,,,,,,,,,,,,,,,
"{'Paolo', 'Stitching Pink', 'Readie Righteous', 'ROBO_Head, the AI DJ', 'Jen', 'Lenca', 'Esoterica', 'Mike Lupica', 'Wilbo', 'Lizbot', 'Dan Ruccia', 'Andi', 'Jerry Gordon', 'hanna', 'tomm', 'Anika', 'Paige', 'KPC', 'Adam from News and Culture // Methuselah Mouse', 'ameena', 'Dylan Fox', 'Grady', 'Jon Solomon', 'Commie Francis', 'John Tobias', 'Wax', 'Pat', 'Dana K', 'Dante', 'Tim', 'Casey', 'DJ Ringworm', 'DJ WaveyCat', 'Pethie', 'CJ', 'Sonny Boy Williamson III', 'Dan Buskirk', 'ramona jade', 'Classy Murmur', 'DJ McSweden', 'sara', 'Freddie Furia', 'Lili', 'PAX'}","{'wired academic', 'DJ Nem'}",{'haley'},"{'xenfoyel', 'Bernie King'}","{'Nikhil', 'DJ Flex Luthor', 'Captain Ahab'}",{'Horsewater'},"{'Number 6', 'Mike Hunter'}",{'Mary Kate'},{'DJ Breezy'},{'DJ Pup'},{'Henry'},"{'Selecta Jerry', 'Isadora'}",{'Krista'},,,,,,,,,,,,,,,,,,,,,,,,,,,,,,,,,,,,,,,,,,,,,,,,,
"{'Paolo', 'Stitching Pink', 'Readie Righteous', 'ROBO_Head, the AI DJ', 'Jen', 'Lenca', 'Esoterica', 'Mike Lupica', 'Wilbo', 'Lizbot', 'Dan Ruccia', 'Andi', 'Jerry Gordon', 'Anika', 'Paige', 'KPC', 'Adam from News and Culture // Methuselah Mouse', 'Dylan Fox', 'Jon Solomon', 'Commie Francis', 'John Tobias', 'Wax', 'Pat', 'Dana K', 'Tim', 'Casey', 'DJ Ringworm', 'DJ WaveyCat', 'Pethie', 'CJ', 'Sonny Boy Williamson III', 'Dan Buskirk', 'ramona jade', 'Classy Murmur', 'DJ McSweden', 'Freddie Furia', 'Lili'}","{'wired academic', 'DJ Nem'}",{'haley'},"{'hanna', 'Dante', 'tomm', 'ameena', 'Grady', 'sara', 'PAX'}","{'xenfoyel', 'Bernie King'}","{'Nikhil', 'DJ Flex Luthor', 'Captain Ahab'}",{'Horsewater'},"{'Number 6', 'Mike Hunter'}",{'Mary Kate'},{'DJ Breezy'},{'DJ Pup'},{'Henry'},"{'Selecta Jerry', 'Isadora'}",{'Krista'},,,,,,,,,,,,,,,,,,,,,,,,,,,,,,,,,,,,,,,,,,,,,,,,
"{'Paolo', 'Stitching Pink', 'Readie Righteous', 'ROBO_Head, the AI DJ', 'Jen', 'Esoterica', 'Mike Lupica', 'Wilbo', 'Lizbot', 'Dan Ruccia', 'Andi', 'Jerry Gordon', 'Anika', 'Paige', 'KPC', 'Adam from News and Culture // Methuselah Mouse', 'Dylan Fox', 'Jon Solomon', 'Commie Francis', 'John Tobias', 'Wax', 'Pat', 'Dana K', 'Tim', 'Casey', 'DJ Ringworm', 'DJ WaveyCat', 'Pethie', 'CJ', 'Sonny Boy Williamson III', 'Dan Buskirk', 'ramona jade', 'Classy Murmur', 'DJ McSweden', 'Freddie Furia', 'Lili'}","{'wired academic', 'DJ Nem'}",{'haley'},"{'hanna', 'Dante', 'tomm', 'ameena', 'Grady', 'sara', 'PAX'}","{'xenfoyel', 'Bernie King'}","{'Nikhil', 'DJ Flex Luthor', 'Captain Ahab'}",{'Horsewater'},"{'Number 6', 'Mike Hunter'}",{'Mary Kate'},{'DJ Breezy'},{'DJ Pup'},{'Henry'},"{'Selecta Jerry', 'Isadora'}",{'Krista'},{'Lenca'},,,,,,,,,,,,,,,,,,,,,,,,,,,,,,,,,,,,,,,,,,,,,,,
"{'Paolo', 'Stitching Pink', 'Readie Righteous', 'ROBO_Head, the AI DJ', 'Jen', 'Esoterica', 'Mike Lupica', 'Wilbo', 'Lizbot', 'Dan Ruccia', 'Andi', 'Anika', 'Paige', 'KPC', 'Adam from News and Culture // Methuselah Mouse', 'Jon Solomon', 'Commie Francis', 'John Tobias', 'Wax', 'Pat', 'Dana K', 'Tim', 'Casey', 'DJ Ringworm', 'Pethie', 'CJ', 'Dan Buskirk', 'ramona jade', 'Classy Murmur', 'DJ McSweden', 'Freddie Furia', 'Lili'}","{'wired academic', 'DJ Nem'}",{'haley'},"{'hanna', 'Dante', 'tomm', 'ameena', 'Grady', 'sara', 'PAX'}","{'xenfoyel', 'Bernie King'}","{'Nikhil', 'DJ Flex Luthor', 'Captain Ahab'}",{'Horsewater'},"{'Number 6', 'Mike Hunter'}","{'Sonny Boy Williamson III', 'DJ WaveyCat', 'Dylan Fox', 'Jerry Gordon'}",{'Mary Kate'},{'DJ Breezy'},{'DJ Pup'},{'Henry'},"{'Selecta Jerry', 'Isadora'}",{'Krista'},{'Lenca'},,,,,,,,,,,,,,,,,,,,,,,,,,,,,,,,,,,,,,,,,,,,,,
"{'Paolo', 'Stitching Pink', 'Readie Righteous', 'ROBO_Head, the AI DJ', 'Jen', 'Esoterica', 'Mike Lupica', 'Wilbo', 'Lizbot', 'Dan Ruccia', 'Andi', 'Anika', 'Paige', 'KPC', 'Adam from News and Culture // Methuselah Mouse', 'Jon Solomon', 'Commie Francis', 'John Tobias', 'Wax', 'Pat', 'Dana K', 'Tim', 'Casey', 'DJ Ringworm', 'Pethie', 'CJ', 'Dan Buskirk', 'ramona jade', 'Classy Murmur', 'DJ McSweden', 'Freddie Furia'}","{'wired academic', 'DJ Nem'}",{'haley'},"{'hanna', 'Dante', 'tomm', 'ameena', 'Grady', 'sara', 'PAX'}","{'xenfoyel', 'Bernie King'}","{'Nikhil', 'DJ Flex Luthor', 'Captain Ahab'}",{'Horsewater'},{'Lili'},"{'Number 6', 'Mike Hunter'}","{'Sonny Boy Williamson III', 'DJ WaveyCat', 'Dylan Fox', 'Jerry Gordon'}",{'Mary Kate'},{'DJ Breezy'},{'DJ Pup'},{'Henry'},"{'Selecta Jerry', 'Isadora'}",{'Krista'},{'Lenca'},,,,,,,,,,,,,,,,,,,,,,,,,,,,,,,,,,,,,,,,,,,,,
"{'Paolo', 'Stitching Pink', 'Readie Righteous', 'ROBO_Head, the AI DJ', 'Jen', 'Esoterica', 'Mike Lupica', 'Wilbo', 'Lizbot', 'Dan Ruccia', 'Andi', 'Anika', 'Paige', 'KPC', 'Adam from News and Culture // Methuselah Mouse', 'Jon Solomon', 'Commie Francis', 'John Tobias', 'Wax', 'Pat', 'Dana K', 'Casey', 'DJ Ringworm', 'Pethie', 'CJ', 'Dan Buskirk', 'ramona jade', 'Classy Murmur', 'DJ McSweden', 'Freddie Furia'}","{'wired academic', 'DJ Nem'}",{'haley'},"{'hanna', 'Dante', 'tomm', 'ameena', 'Grady', 'sara', 'PAX'}","{'xenfoyel', 'Bernie King'}","{'Nikhil', 'DJ Flex Luthor', 'Captain Ahab'}",{'Horsewater'},{'Lili'},"{'Number 6', 'Mike Hunter'}","{'Sonny Boy Williamson III', 'DJ WaveyCat', 'Dylan Fox', 'Jerry Gordon'}",{'Mary Kate'},{'DJ Breezy'},{'DJ Pup'},{'Henry'},"{'Selecta Jerry', 'Isadora'}",{'Tim'},{'Krista'},{'Lenca'},,,,,,,,,,,,,,,,,,,,,,,,,,,,,,,,,,,,,,,,,,,,
"{'Paolo', 'Stitching Pink', 'Readie Righteous', 'Jen', 'Esoterica', 'Mike Lupica', 'Wilbo', 'Lizbot', 'Dan Ruccia', 'Andi', 'Anika', 'Paige', 'KPC', 'Adam from News and Culture // Methuselah Mouse', 'Jon Solomon', 'Commie Francis', 'John Tobias', 'Wax', 'Pat', 'Dana K', 'Casey', 'DJ Ringworm', 'Pethie', 'CJ', 'Dan Buskirk', 'ramona jade', 'Classy Murmur', 'DJ McSweden', 'Freddie Furia'}","{'wired academic', 'DJ Nem'}",{'haley'},"{'hanna', 'Dante', 'tomm', 'ameena', 'Grady', 'sara', 'PAX'}","{'xenfoyel', 'Bernie King'}","{'Nikhil', 'DJ Flex Luthor', 'Captain Ahab'}",{'Horsewater'},{'Lili'},"{'Number 6', 'Mike Hunter'}","{'Sonny Boy Williamson III', 'DJ WaveyCat', 'Dylan Fox', 'Jerry Gordon'}",{'Mary Kate'},"{'ROBO_Head, the AI DJ'}",{'DJ Breezy'},{'DJ Pup'},{'Henry'},"{'Selecta Jerry', 'Isadora'}",{'Tim'},{'Krista'},{'Lenca'},,,,,,,,,,,,,,,,,,,,,,,,,,,,,,,,,,,,,,,,,,,
"{'Paolo', 'Stitching Pink', 'Readie Righteous', 'Jen', 'Esoterica', 'Mike Lupica', 'Wilbo', 'Lizbot', 'Dan Ruccia', 'Andi', 'Anika', 'Paige', 'KPC', 'Adam from News and Culture // Methuselah Mouse', 'Jon Solomon', 'Commie Francis', 'John Tobias', 'Wax', 'Pat', 'Dana K', 'Casey', 'DJ Ringworm', 'Pethie', 'CJ', 'ramona jade', 'Classy Murmur', 'DJ McSweden', 'Freddie Furia'}","{'wired academic', 'DJ Nem'}",{'haley'},"{'hanna', 'Dante', 'tomm', 'ameena', 'Grady', 'sara', 'PAX'}","{'xenfoyel', 'Bernie King'}","{'Nikhil', 'DJ Flex Luthor', 'Captain Ahab'}",{'Dan Buskirk'},{'Horsewater'},{'Lili'},"{'Number 6', 'Mike Hunter'}","{'Sonny Boy Williamson III', 'DJ WaveyCat', 'Dylan Fox', 'Jerry Gordon'}",{'Mary Kate'},"{'ROBO_Head, the AI DJ'}",{'DJ Breezy'},{'DJ Pup'},{'Henry'},"{'Selecta Jerry', 'Isadora'}",{'Tim'},{'Krista'},{'Lenca'},,,,,,,,,,,,,,,,,,,,,,,,,,,,,,,,,,,,,,,,,,
"{'Paolo', 'Stitching Pink', 'CJ', 'Anika', 'Paige', 'Adam from News and Culture // Methuselah Mouse', 'ramona jade', 'Classy Murmur', 'DJ McSweden', 'Casey', 'DJ Ringworm', 'Freddie Furia', 'Andi', 'John Tobias', 'Wax'}","{'wired academic', 'DJ Nem'}",{'haley'},"{'Pethie', 'Readie Righteous', 'Pat', 'Dana K', 'Jen', 'KPC', 'Esoterica', 'Mike Lupica', 'Jon Solomon', 'Commie Francis', 'Wilbo', 'Lizbot', 'Dan Ruccia'}","{'hanna', 'Dante', 'tomm', 'ameena', 'Grady', 'sara', 'PAX'}","{'xenfoyel', 'Bernie King'}","{'Nikhil', 'DJ Flex Luthor', 'Captain Ahab'}",{'Dan Buskirk'},{'Horsewater'},{'Lili'},"{'Number 6', 'Mike Hunter'}","{'Sonny Boy Williamson III', 'DJ WaveyCat', 'Dylan Fox', 'Jerry Gordon'}",{'Mary Kate'},"{'ROBO_Head, the AI DJ'}",{'DJ Breezy'},{'DJ Pup'},{'Henry'},"{'Selecta Jerry', 'Isadora'}",{'Tim'},{'Krista'},{'Lenca'},,,,,,,,,,,,,,,,,,,,,,,,,,,,,,,,,,,,,,,,,
"{'Paolo', 'Stitching Pink', 'CJ', 'Anika', 'Paige', 'Adam from News and Culture // Methuselah Mouse', 'ramona jade', 'Classy Murmur', 'DJ McSweden', 'Casey', 'DJ Ringworm', 'Freddie Furia', 'Andi', 'John Tobias', 'Wax'}","{'wired academic', 'DJ Nem'}",{'haley'},"{'Pethie', 'Readie Righteous', 'Pat', 'Dana K', 'KPC', 'Esoterica', 'Mike Lupica', 'Jon Solomon', 'Commie Francis', 'Wilbo', 'Lizbot', 'Dan Ruccia'}","{'hanna', 'Dante', 'tomm', 'ameena', 'Grady', 'sara', 'PAX'}","{'xenfoyel', 'Bernie King'}","{'Nikhil', 'DJ Flex Luthor', 'Captain Ahab'}",{'Dan Buskirk'},{'Horsewater'},{'Jen'},{'Lili'},"{'Number 6', 'Mike Hunter'}","{'Sonny Boy Williamson III', 'DJ WaveyCat', 'Dylan Fox', 'Jerry Gordon'}",{'Mary Kate'},"{'ROBO_Head, the AI DJ'}",{'DJ Breezy'},{'DJ Pup'},{'Henry'},"{'Selecta Jerry', 'Isadora'}",{'Tim'},{'Krista'},{'Lenca'},,,,,,,,,,,,,,,,,,,,,,,,,,,,,,,,,,,,,,,,
"{'Paolo', 'Stitching Pink', 'CJ', 'Anika', 'Paige', 'Adam from News and Culture // Methuselah Mouse', 'ramona jade', 'Classy Murmur', 'DJ McSweden', 'Casey', 'DJ Ringworm', 'Andi', 'John Tobias', 'Wax'}","{'wired academic', 'DJ Nem'}",{'haley'},"{'Pethie', 'Readie Righteous', 'Pat', 'Dana K', 'KPC', 'Esoterica', 'Mike Lupica', 'Jon Solomon', 'Commie Francis', 'Wilbo', 'Lizbot', 'Dan Ruccia'}","{'hanna', 'Dante', 'tomm', 'ameena', 'Grady', 'sara', 'PAX'}","{'xenfoyel', 'Bernie King'}","{'Nikhil', 'DJ Flex Luthor', 'Captain Ahab'}",{'Dan Buskirk'},{'Freddie Furia'},{'Horsewater'},{'Jen'},{'Lili'},"{'Number 6', 'Mike Hunter'}","{'Sonny Boy Williamson III', 'DJ WaveyCat', 'Dylan Fox', 'Jerry Gordon'}",{'Mary Kate'},"{'ROBO_Head, the AI DJ'}",{'DJ Breezy'},{'DJ Pup'},{'Henry'},"{'Selecta Jerry', 'Isadora'}",{'Tim'},{'Krista'},{'Lenca'},,,,,,,,,,,,,,,,,,,,,,,,,,,,,,,,,,,,,,,
"{'Paolo', 'Stitching Pink', 'CJ', 'Anika', 'Paige', 'Adam from News and Culture // Methuselah Mouse', 'ramona jade', 'Classy Murmur', 'DJ McSweden', 'Casey', 'DJ Ringworm', 'Andi', 'John Tobias', 'Wax'}","{'wired academic', 'DJ Nem'}",{'haley'},"{'Pethie', 'Readie Righteous', 'Pat', 'Dana K', 'KPC', 'Esoterica', 'Mike Lupica', 'Jon Solomon', 'Commie Francis', 'Wilbo', 'Lizbot', 'Dan Ruccia'}",{'PAX'},"{'Dante', 'tomm', 'hanna', 'ameena', 'Grady', 'sara'}","{'xenfoyel', 'Bernie King'}","{'Nikhil', 'DJ Flex Luthor', 'Captain Ahab'}",{'Dan Buskirk'},{'Freddie Furia'},{'Horsewater'},{'Jen'},{'Lili'},"{'Number 6', 'Mike Hunter'}","{'Sonny Boy Williamson III', 'DJ WaveyCat', 'Dylan Fox', 'Jerry Gordon'}",{'Mary Kate'},"{'ROBO_Head, the AI DJ'}",{'DJ Breezy'},{'DJ Pup'},{'Henry'},"{'Selecta Jerry', 'Isadora'}",{'Tim'},{'Krista'},{'Lenca'},,,,,,,,,,,,,,,,,,,,,,,,,,,,,,,,,,,,,,
"{'Stitching Pink', 'CJ', 'Anika', 'Paige', 'Adam from News and Culture // Methuselah Mouse', 'ramona jade', 'Classy Murmur', 'DJ McSweden', 'Casey', 'DJ Ringworm', 'Andi', 'John Tobias', 'Wax'}","{'wired academic', 'DJ Nem'}",{'Paolo'},{'haley'},"{'Pethie', 'Readie Righteous', 'Pat', 'Dana K', 'KPC', 'Esoterica', 'Mike Lupica', 'Jon Solomon', 'Commie Francis', 'Wilbo', 'Lizbot', 'Dan Ruccia'}",{'PAX'},"{'Dante', 'tomm', 'hanna', 'ameena', 'Grady', 'sara'}","{'xenfoyel', 'Bernie King'}","{'Nikhil', 'DJ Flex Luthor', 'Captain Ahab'}",{'Dan Buskirk'},{'Freddie Furia'},{'Horsewater'},{'Jen'},{'Lili'},"{'Number 6', 'Mike Hunter'}","{'Sonny Boy Williamson III', 'DJ WaveyCat', 'Dylan Fox', 'Jerry Gordon'}",{'Mary Kate'},"{'ROBO_Head, the AI DJ'}",{'DJ Breezy'},{'DJ Pup'},{'Henry'},"{'Selecta Jerry', 'Isadora'}",{'Tim'},{'Krista'},{'Lenca'},,,,,,,,,,,,,,,,,,,,,,,,,,,,,,,,,,,,,
"{'Stitching Pink', 'CJ', 'Anika', 'Paige', 'Adam from News and Culture // Methuselah Mouse', 'ramona jade', 'Classy Murmur', 'DJ McSweden', 'Casey', 'DJ Ringworm', 'Andi', 'John Tobias', 'Wax'}","{'wired academic', 'DJ Nem'}",{'Paolo'},{'haley'},"{'Pethie', 'Readie Righteous', 'Pat', 'Dana K', 'KPC', 'Esoterica', 'Mike Lupica', 'Jon Solomon', 'Commie Francis', 'Lizbot', 'Dan Ruccia'}",{'PAX'},"{'Dante', 'tomm', 'hanna', 'ameena', 'Grady', 'sara'}","{'xenfoyel', 'Bernie King'}","{'Nikhil', 'DJ Flex Luthor', 'Captain Ahab'}",{'Dan Buskirk'},{'Freddie Furia'},{'Horsewater'},{'Jen'},{'Lili'},"{'Number 6', 'Mike Hunter'}","{'Sonny Boy Williamson III', 'DJ WaveyCat', 'Dylan Fox', 'Jerry Gordon'}",{'Mary Kate'},"{'ROBO_Head, the AI DJ'}",{'DJ Breezy'},{'DJ Pup'},{'Wilbo'},{'Henry'},"{'Selecta Jerry', 'Isadora'}",{'Tim'},{'Krista'},{'Lenca'},,,,,,,,,,,,,,,,,,,,,,,,,,,,,,,,,,,,
"{'Stitching Pink', 'CJ', 'Anika', 'Paige', 'Adam from News and Culture // Methuselah Mouse', 'ramona jade', 'Classy Murmur', 'DJ McSweden', 'Casey', 'DJ Ringworm', 'Andi', 'John Tobias', 'Wax'}","{'wired academic', 'DJ Nem'}",{'Paolo'},{'haley'},"{'Pethie', 'Readie Righteous', 'Dana K', 'KPC', 'Esoterica', 'Mike Lupica', 'Jon Solomon', 'Commie Francis', 'Lizbot', 'Dan Ruccia'}",{'PAX'},"{'Dante', 'tomm', 'hanna', 'ameena', 'Grady', 'sara'}","{'xenfoyel', 'Bernie King'}","{'Nikhil', 'DJ Flex Luthor', 'Captain Ahab'}",{'Dan Buskirk'},{'Freddie Furia'},{'Horsewater'},{'Jen'},{'Lili'},"{'Number 6', 'Mike Hunter'}","{'Sonny Boy Williamson III', 'DJ WaveyCat', 'Dylan Fox', 'Jerry Gordon'}",{'Mary Kate'},"{'ROBO_Head, the AI DJ'}",{'DJ Breezy'},{'DJ Pup'},{'Wilbo'},{'Pat'},{'Henry'},"{'Selecta Jerry', 'Isadora'}",{'Tim'},{'Krista'},{'Lenca'},,,,,,,,,,,,,,,,,,,,,,,,,,,,,,,,,,,
"{'Stitching Pink', 'CJ', 'Anika', 'Paige', 'Adam from News and Culture // Methuselah Mouse', 'ramona jade', 'DJ McSweden', 'Casey', 'DJ Ringworm', 'Andi', 'John Tobias', 'Wax'}",{'Classy Murmur'},"{'wired academic', 'DJ Nem'}",{'Paolo'},{'haley'},"{'Pethie', 'Readie Righteous', 'Dana K', 'KPC', 'Esoterica', 'Mike Lupica', 'Jon Solomon', 'Commie Francis', 'Lizbot', 'Dan Ruccia'}",{'PAX'},"{'Dante', 'tomm', 'hanna', 'ameena', 'Grady', 'sara'}","{'xenfoyel', 'Bernie King'}","{'Nikhil', 'DJ Flex Luthor', 'Captain Ahab'}",{'Dan Buskirk'},{'Freddie Furia'},{'Horsewater'},{'Jen'},{'Lili'},"{'Number 6', 'Mike Hunter'}","{'Sonny Boy Williamson III', 'DJ WaveyCat', 'Dylan Fox', 'Jerry Gordon'}",{'Mary Kate'},"{'ROBO_Head, the AI DJ'}",{'DJ Breezy'},{'DJ Pup'},{'Wilbo'},{'Pat'},{'Henry'},"{'Selecta Jerry', 'Isadora'}",{'Tim'},{'Krista'},{'Lenca'},,,,,,,,,,,,,,,,,,,,,,,,,,,,,,,,,,
"{'Stitching Pink', 'Anika', 'Paige', 'Adam from News and Culture // Methuselah Mouse', 'ramona jade', 'DJ McSweden', 'Casey', 'DJ Ringworm', 'Andi', 'John Tobias', 'Wax'}",{'Classy Murmur'},"{'wired academic', 'DJ Nem'}",{'Paolo'},{'haley'},{'CJ'},"{'Pethie', 'Readie Righteous', 'Dana K', 'KPC', 'Esoterica', 'Mike Lupica', 'Jon Solomon', 'Commie Francis', 'Lizbot', 'Dan Ruccia'}",{'PAX'},"{'Dante', 'tomm', 'hanna', 'ameena', 'Grady', 'sara'}","{'xenfoyel', 'Bernie King'}","{'Nikhil', 'DJ Flex Luthor', 'Captain Ahab'}",{'Dan Buskirk'},{'Freddie Furia'},{'Horsewater'},{'Jen'},{'Lili'},"{'Number 6', 'Mike Hunter'}","{'Sonny Boy Williamson III', 'DJ WaveyCat', 'Dylan Fox', 'Jerry Gordon'}",{'Mary Kate'},"{'ROBO_Head, the AI DJ'}",{'DJ Breezy'},{'DJ Pup'},{'Wilbo'},{'Pat'},{'Henry'},"{'Selecta Jerry', 'Isadora'}",{'Tim'},{'Krista'},{'Lenca'},,,,,,,,,,,,,,,,,,,,,,,,,,,,,,,,,
"{'Stitching Pink', 'Anika', 'Paige', 'Adam from News and Culture // Methuselah Mouse', 'ramona jade', 'DJ McSweden', 'Casey', 'DJ Ringworm', 'Andi', 'John Tobias', 'Wax'}",{'Classy Murmur'},"{'wired academic', 'DJ Nem'}",{'Paolo'},{'haley'},{'CJ'},"{'Pethie', 'Readie Righteous', 'Dana K', 'KPC', 'Esoterica', 'Mike Lupica', 'Jon Solomon', 'Commie Francis', 'Lizbot', 'Dan Ruccia'}",{'PAX'},"{'Dante', 'tomm', 'hanna', 'ameena', 'sara'}","{'xenfoyel', 'Bernie King'}","{'Nikhil', 'DJ Flex Luthor', 'Captain Ahab'}",{'Dan Buskirk'},{'Freddie Furia'},{'Horsewater'},{'Jen'},{'Lili'},"{'Number 6', 'Mike Hunter'}","{'Sonny Boy Williamson III', 'DJ WaveyCat', 'Dylan Fox', 'Jerry Gordon'}",{'Mary Kate'},"{'ROBO_Head, the AI DJ'}",{'Grady'},{'DJ Breezy'},{'DJ Pup'},{'Wilbo'},{'Pat'},{'Henry'},"{'Selecta Jerry', 'Isadora'}",{'Tim'},{'Krista'},{'Lenca'},,,,,,,,,,,,,,,,,,,,,,,,,,,,,,,,
"{'Stitching Pink', 'Anika', 'Paige', 'Adam from News and Culture // Methuselah Mouse', 'ramona jade', 'DJ McSweden', 'Casey', 'DJ Ringworm', 'Andi', 'John Tobias', 'Wax'}",{'Classy Murmur'},"{'wired academic', 'DJ Nem'}",{'Paolo'},{'haley'},{'CJ'},"{'Pethie', 'Readie Righteous', 'Dana K', 'Esoterica', 'Mike Lupica', 'Jon Solomon', 'Commie Francis', 'Lizbot', 'Dan Ruccia'}",{'PAX'},"{'Dante', 'tomm', 'hanna', 'ameena', 'sara'}","{'xenfoyel', 'Bernie King'}","{'Nikhil', 'DJ Flex Luthor', 'Captain Ahab'}",{'Dan Buskirk'},{'Freddie Furia'},{'Horsewater'},{'Jen'},{'Lili'},"{'Number 6', 'Mike Hunter'}","{'Sonny Boy Williamson III', 'DJ WaveyCat', 'Dylan Fox', 'Jerry Gordon'}",{'KPC'},{'Mary Kate'},"{'ROBO_Head, the AI DJ'}",{'Grady'},{'DJ Breezy'},{'DJ Pup'},{'Wilbo'},{'Pat'},{'Henry'},"{'Selecta Jerry', 'Isadora'}",{'Tim'},{'Krista'},{'Lenca'},,,,,,,,,,,,,,,,,,,,,,,,,,,,,,,
"{'Stitching Pink', 'Anika', 'Paige', 'Adam from News and Culture // Methuselah Mouse', 'ramona jade', 'DJ McSweden', 'Casey', 'DJ Ringworm', 'Andi', 'John Tobias', 'Wax'}",{'Classy Murmur'},"{'wired academic', 'DJ Nem'}",{'Paolo'},{'haley'},{'CJ'},"{'Pethie', 'Readie Righteous', 'Dana K', 'Esoterica', 'Mike Lupica', 'Commie Francis', 'Lizbot', 'Dan Ruccia'}",{'PAX'},"{'Dante', 'tomm', 'hanna', 'ameena', 'sara'}","{'xenfoyel', 'Bernie King'}","{'Nikhil', 'DJ Flex Luthor', 'Captain Ahab'}",{'Dan Buskirk'},{'Freddie Furia'},{'Horsewater'},{'Jen'},{'Jon Solomon'},{'Lili'},"{'Number 6', 'Mike Hunter'}","{'Sonny Boy Williamson III', 'DJ WaveyCat', 'Dylan Fox', 'Jerry Gordon'}",{'KPC'},{'Mary Kate'},"{'ROBO_Head, the AI DJ'}",{'Grady'},{'DJ Breezy'},{'DJ Pup'},{'Wilbo'},{'Pat'},{'Henry'},"{'Selecta Jerry', 'Isadora'}",{'Tim'},{'Krista'},{'Lenca'},,,,,,,,,,,,,,,,,,,,,,,,,,,,,,
"{'Stitching Pink', 'Anika', 'Paige', 'Adam from News and Culture // Methuselah Mouse', 'DJ McSweden', 'Casey', 'DJ Ringworm', 'Andi', 'John Tobias', 'Wax'}",{'Classy Murmur'},"{'wired academic', 'DJ Nem'}",{'Paolo'},{'haley'},{'CJ'},"{'Pethie', 'Readie Righteous', 'Dana K', 'Esoterica', 'Mike Lupica', 'Commie Francis', 'Lizbot', 'Dan Ruccia'}",{'PAX'},"{'Dante', 'tomm', 'hanna', 'ameena', 'sara'}",{'ramona jade'},"{'xenfoyel', 'Bernie King'}","{'Nikhil', 'DJ Flex Luthor', 'Captain Ahab'}",{'Dan Buskirk'},{'Freddie Furia'},{'Horsewater'},{'Jen'},{'Jon Solomon'},{'Lili'},"{'Number 6', 'Mike Hunter'}","{'Sonny Boy Williamson III', 'DJ WaveyCat', 'Dylan Fox', 'Jerry Gordon'}",{'KPC'},{'Mary Kate'},"{'ROBO_Head, the AI DJ'}",{'Grady'},{'DJ Breezy'},{'DJ Pup'},{'Wilbo'},{'Pat'},{'Henry'},"{'Selecta Jerry', 'Isadora'}",{'Tim'},{'Krista'},{'Lenca'},,,,,,,,,,,,,,,,,,,,,,,,,,,,,
"{'Stitching Pink', 'Anika', 'Paige', 'Adam from News and Culture // Methuselah Mouse', 'DJ McSweden', 'Casey', 'DJ Ringworm', 'Andi', 'John Tobias', 'Wax'}",{'Classy Murmur'},"{'wired academic', 'DJ Nem'}",{'Paolo'},{'haley'},{'CJ'},"{'Pethie', 'Readie Righteous', 'Dana K', 'Esoterica', 'Mike Lupica', 'Commie Francis', 'Lizbot', 'Dan Ruccia'}",{'PAX'},"{'Dante', 'tomm', 'hanna', 'ameena'}",{'ramona jade'},{'sara'},"{'xenfoyel', 'Bernie King'}","{'Nikhil', 'DJ Flex Luthor', 'Captain Ahab'}",{'Dan Buskirk'},{'Freddie Furia'},{'Horsewater'},{'Jen'},{'Jon Solomon'},{'Lili'},"{'Number 6', 'Mike Hunter'}","{'Sonny Boy Williamson III', 'DJ WaveyCat', 'Dylan Fox', 'Jerry Gordon'}",{'KPC'},{'Mary Kate'},"{'ROBO_Head, the AI DJ'}",{'Grady'},{'DJ Breezy'},{'DJ Pup'},{'Wilbo'},{'Pat'},{'Henry'},"{'Selecta Jerry', 'Isadora'}",{'Tim'},{'Krista'},{'Lenca'},,,,,,,,,,,,,,,,,,,,,,,,,,,,
"{'Stitching Pink', 'Anika', 'Paige', 'Adam from News and Culture // Methuselah Mouse', 'DJ McSweden', 'Casey', 'DJ Ringworm', 'Andi', 'John Tobias', 'Wax'}",{'Classy Murmur'},"{'wired academic', 'DJ Nem'}",{'Paolo'},{'haley'},{'CJ'},"{'Pethie', 'Readie Righteous', 'Dana K', 'Esoterica', 'Mike Lupica', 'Commie Francis', 'Lizbot', 'Dan Ruccia'}",{'PAX'},"{'Dante', 'tomm', 'hanna', 'ameena'}",{'ramona jade'},{'sara'},"{'xenfoyel', 'Bernie King'}",{'Captain Ahab'},"{'Nikhil', 'DJ Flex Luthor'}",{'Dan Buskirk'},{'Freddie Furia'},{'Horsewater'},{'Jen'},{'Jon Solomon'},{'Lili'},"{'Number 6', 'Mike Hunter'}","{'Sonny Boy Williamson III', 'DJ WaveyCat', 'Dylan Fox', 'Jerry Gordon'}",{'KPC'},{'Mary Kate'},"{'ROBO_Head, the AI DJ'}",{'Grady'},{'DJ Breezy'},{'DJ Pup'},{'Wilbo'},{'Pat'},{'Henry'},"{'Selecta Jerry', 'Isadora'}",{'Tim'},{'Krista'},{'Lenca'},,,,,,,,,,,,,,,,,,,,,,,,,,,
"{'Stitching Pink', 'Anika', 'Paige', 'Adam from News and Culture // Methuselah Mouse', 'DJ McSweden', 'Casey', 'DJ Ringworm', 'Andi', 'Wax'}",{'Classy Murmur'},"{'wired academic', 'DJ Nem'}",{'John Tobias'},{'Paolo'},{'haley'},{'CJ'},"{'Pethie', 'Readie Righteous', 'Dana K', 'Esoterica', 'Mike Lupica', 'Commie Francis', 'Lizbot', 'Dan Ruccia'}",{'PAX'},"{'Dante', 'tomm', 'hanna', 'ameena'}",{'ramona jade'},{'sara'},"{'xenfoyel', 'Bernie King'}",{'Captain Ahab'},"{'Nikhil', 'DJ Flex Luthor'}",{'Dan Buskirk'},{'Freddie Furia'},{'Horsewater'},{'Jen'},{'Jon Solomon'},{'Lili'},"{'Number 6', 'Mike Hunter'}","{'Sonny Boy Williamson III', 'DJ WaveyCat', 'Dylan Fox', 'Jerry Gordon'}",{'KPC'},{'Mary Kate'},"{'ROBO_Head, the AI DJ'}",{'Grady'},{'DJ Breezy'},{'DJ Pup'},{'Wilbo'},{'Pat'},{'Henry'},"{'Selecta Jerry', 'Isadora'}",{'Tim'},{'Krista'},{'Lenca'},,,,,,,,,,,,,,,,,,,,,,,,,,
"{'Stitching Pink', 'Anika', 'Paige', 'Adam from News and Culture // Methuselah Mouse', 'Casey', 'DJ Ringworm', 'Andi', 'Wax'}",{'Classy Murmur'},"{'wired academic', 'DJ Nem'}",{'John Tobias'},{'Paolo'},{'haley'},{'CJ'},"{'Pethie', 'Readie Righteous', 'Dana K', 'Esoterica', 'Mike Lupica', 'Commie Francis', 'Lizbot', 'Dan Ruccia'}",{'PAX'},"{'Dante', 'tomm', 'hanna', 'ameena'}",{'ramona jade'},{'sara'},"{'xenfoyel', 'Bernie King'}",{'Captain Ahab'},"{'Nikhil', 'DJ Flex Luthor'}",{'Dan Buskirk'},{'Freddie Furia'},{'Horsewater'},{'Jen'},{'Jon Solomon'},{'Lili'},"{'Number 6', 'Mike Hunter'}",{'DJ McSweden'},"{'Sonny Boy Williamson III', 'DJ WaveyCat', 'Dylan Fox', 'Jerry Gordon'}",{'KPC'},{'Mary Kate'},"{'ROBO_Head, the AI DJ'}",{'Grady'},{'DJ Breezy'},{'DJ Pup'},{'Wilbo'},{'Pat'},{'Henry'},"{'Selecta Jerry', 'Isadora'}",{'Tim'},{'Krista'},{'Lenca'},,,,,,,,,,,,,,,,,,,,,,,,,
"{'Stitching Pink', 'Anika', 'Paige', 'Adam from News and Culture // Methuselah Mouse', 'DJ Ringworm', 'Andi', 'Wax'}",{'Casey'},{'Classy Murmur'},"{'wired academic', 'DJ Nem'}",{'John Tobias'},{'Paolo'},{'haley'},{'CJ'},"{'Pethie', 'Readie Righteous', 'Dana K', 'Esoterica', 'Mike Lupica', 'Commie Francis', 'Lizbot', 'Dan Ruccia'}",{'PAX'},"{'Dante', 'tomm', 'hanna', 'ameena'}",{'ramona jade'},{'sara'},"{'xenfoyel', 'Bernie King'}",{'Captain Ahab'},"{'Nikhil', 'DJ Flex Luthor'}",{'Dan Buskirk'},{'Freddie Furia'},{'Horsewater'},{'Jen'},{'Jon Solomon'},{'Lili'},"{'Number 6', 'Mike Hunter'}",{'DJ McSweden'},"{'Sonny Boy Williamson III', 'DJ WaveyCat', 'Dylan Fox', 'Jerry Gordon'}",{'KPC'},{'Mary Kate'},"{'ROBO_Head, the AI DJ'}",{'Grady'},{'DJ Breezy'},{'DJ Pup'},{'Wilbo'},{'Pat'},{'Henry'},"{'Selecta Jerry', 'Isadora'}",{'Tim'},{'Krista'},{'Lenca'},,,,,,,,,,,,,,,,,,,,,,,,
"{'Stitching Pink', 'Anika', 'Paige', 'Adam from News and Culture // Methuselah Mouse', 'DJ Ringworm', 'Andi', 'Wax'}",{'Casey'},{'Classy Murmur'},"{'wired academic', 'DJ Nem'}",{'John Tobias'},{'Paolo'},{'haley'},{'CJ'},"{'Pethie', 'Readie Righteous', 'Dana K', 'Esoterica', 'Mike Lupica', 'Commie Francis', 'Lizbot', 'Dan Ruccia'}",{'PAX'},"{'Dante', 'tomm', 'hanna', 'ameena'}",{'ramona jade'},{'sara'},"{'xenfoyel', 'Bernie King'}",{'Captain Ahab'},"{'Nikhil', 'DJ Flex Luthor'}",{'Dan Buskirk'},{'Freddie Furia'},{'Horsewater'},{'Jen'},{'Jon Solomon'},{'Lili'},"{'Number 6', 'Mike Hunter'}",{'DJ McSweden'},"{'Sonny Boy Williamson III', 'DJ WaveyCat', 'Jerry Gordon'}",{'KPC'},{'Mary Kate'},"{'ROBO_Head, the AI DJ'}",{'Grady'},{'DJ Breezy'},{'DJ Pup'},{'Dylan Fox'},{'Wilbo'},{'Pat'},{'Henry'},"{'Selecta Jerry', 'Isadora'}",{'Tim'},{'Krista'},{'Lenca'},,,,,,,,,,,,,,,,,,,,,,,
"{'Stitching Pink', 'Anika', 'Paige', 'Adam from News and Culture // Methuselah Mouse', 'DJ Ringworm', 'Andi', 'Wax'}",{'Casey'},{'Classy Murmur'},"{'wired academic', 'DJ Nem'}",{'John Tobias'},{'Paolo'},{'haley'},{'CJ'},"{'Pethie', 'Readie Righteous', 'Esoterica', 'Mike Lupica', 'Commie Francis', 'Lizbot', 'Dan Ruccia'}",{'PAX'},"{'Dante', 'tomm', 'hanna', 'ameena'}",{'ramona jade'},{'sara'},"{'xenfoyel', 'Bernie King'}",{'Captain Ahab'},"{'Nikhil', 'DJ Flex Luthor'}",{'Dan Buskirk'},{'Freddie Furia'},{'Horsewater'},{'Jen'},{'Jon Solomon'},{'Lili'},"{'Number 6', 'Mike Hunter'}",{'DJ McSweden'},{'Dana K'},"{'Sonny Boy Williamson III', 'DJ WaveyCat', 'Jerry Gordon'}",{'KPC'},{'Mary Kate'},"{'ROBO_Head, the AI DJ'}",{'Grady'},{'DJ Breezy'},{'DJ Pup'},{'Dylan Fox'},{'Wilbo'},{'Pat'},{'Henry'},"{'Selecta Jerry', 'Isadora'}",{'Tim'},{'Krista'},{'Lenca'},,,,,,,,,,,,,,,,,,,,,,
"{'Stitching Pink', 'Anika', 'Adam from News and Culture // Methuselah Mouse', 'DJ Ringworm', 'Wax', 'Andi'}",{'Casey'},{'Classy Murmur'},"{'wired academic', 'DJ Nem'}",{'John Tobias'},{'Paige'},{'Paolo'},{'haley'},{'CJ'},"{'Pethie', 'Readie Righteous', 'Esoterica', 'Mike Lupica', 'Commie Francis', 'Lizbot', 'Dan Ruccia'}",{'PAX'},"{'Dante', 'tomm', 'hanna', 'ameena'}",{'ramona jade'},{'sara'},"{'xenfoyel', 'Bernie King'}",{'Captain Ahab'},"{'Nikhil', 'DJ Flex Luthor'}",{'Dan Buskirk'},{'Freddie Furia'},{'Horsewater'},{'Jen'},{'Jon Solomon'},{'Lili'},"{'Number 6', 'Mike Hunter'}",{'DJ McSweden'},{'Dana K'},"{'Sonny Boy Williamson III', 'DJ WaveyCat', 'Jerry Gordon'}",{'KPC'},{'Mary Kate'},"{'ROBO_Head, the AI DJ'}",{'Grady'},{'DJ Breezy'},{'DJ Pup'},{'Dylan Fox'},{'Wilbo'},{'Pat'},{'Henry'},"{'Selecta Jerry', 'Isadora'}",{'Tim'},{'Krista'},{'Lenca'},,,,,,,,,,,,,,,,,,,,,
"{'Stitching Pink', 'Anika', 'Adam from News and Culture // Methuselah Mouse', 'DJ Ringworm', 'Wax', 'Andi'}",{'Casey'},{'Classy Murmur'},"{'wired academic', 'DJ Nem'}",{'John Tobias'},{'Paige'},{'Paolo'},{'haley'},{'CJ'},"{'Pethie', 'Readie Righteous', 'Esoterica', 'Mike Lupica', 'Commie Francis', 'Lizbot'}",{'PAX'},"{'Dante', 'tomm', 'hanna', 'ameena'}",{'ramona jade'},{'sara'},"{'xenfoyel', 'Bernie King'}",{'Captain Ahab'},"{'Nikhil', 'DJ Flex Luthor'}",{'Dan Buskirk'},{'Dan Ruccia'},{'Freddie Furia'},{'Horsewater'},{'Jen'},{'Jon Solomon'},{'Lili'},"{'Number 6', 'Mike Hunter'}",{'DJ McSweden'},{'Dana K'},"{'Sonny Boy Williamson III', 'DJ WaveyCat', 'Jerry Gordon'}",{'KPC'},{'Mary Kate'},"{'ROBO_Head, the AI DJ'}",{'Grady'},{'DJ Breezy'},{'DJ Pup'},{'Dylan Fox'},{'Wilbo'},{'Pat'},{'Henry'},"{'Selecta Jerry', 'Isadora'}",{'Tim'},{'Krista'},{'Lenca'},,,,,,,,,,,,,,,,,,,,
{'Adam from News and Culture // Methuselah Mouse'},"{'Stitching Pink', 'Anika', 'DJ Ringworm', 'Andi', 'Wax'}",{'Casey'},{'Classy Murmur'},"{'wired academic', 'DJ Nem'}",{'John Tobias'},{'Paige'},{'Paolo'},{'haley'},{'CJ'},"{'Pethie', 'Readie Righteous', 'Esoterica', 'Mike Lupica', 'Commie Francis', 'Lizbot'}",{'PAX'},"{'Dante', 'tomm', 'hanna', 'ameena'}",{'ramona jade'},{'sara'},"{'xenfoyel', 'Bernie King'}",{'Captain Ahab'},"{'Nikhil', 'DJ Flex Luthor'}",{'Dan Buskirk'},{'Dan Ruccia'},{'Freddie Furia'},{'Horsewater'},{'Jen'},{'Jon Solomon'},{'Lili'},"{'Number 6', 'Mike Hunter'}",{'DJ McSweden'},{'Dana K'},"{'Sonny Boy Williamson III', 'DJ WaveyCat', 'Jerry Gordon'}",{'KPC'},{'Mary Kate'},"{'ROBO_Head, the AI DJ'}",{'Grady'},{'DJ Breezy'},{'DJ Pup'},{'Dylan Fox'},{'Wilbo'},{'Pat'},{'Henry'},"{'Selecta Jerry', 'Isadora'}",{'Tim'},{'Krista'},{'Lenca'},,,,,,,,,,,,,,,,,,,
{'Adam from News and Culture // Methuselah Mouse'},{'Andi'},"{'Stitching Pink', 'Wax', 'Anika', 'DJ Ringworm'}",{'Casey'},{'Classy Murmur'},"{'wired academic', 'DJ Nem'}",{'John Tobias'},{'Paige'},{'Paolo'},{'haley'},{'CJ'},"{'Pethie', 'Readie Righteous', 'Esoterica', 'Mike Lupica', 'Commie Francis', 'Lizbot'}",{'PAX'},"{'Dante', 'tomm', 'hanna', 'ameena'}",{'ramona jade'},{'sara'},"{'xenfoyel', 'Bernie King'}",{'Captain Ahab'},"{'Nikhil', 'DJ Flex Luthor'}",{'Dan Buskirk'},{'Dan Ruccia'},{'Freddie Furia'},{'Horsewater'},{'Jen'},{'Jon Solomon'},{'Lili'},"{'Number 6', 'Mike Hunter'}",{'DJ McSweden'},{'Dana K'},"{'Sonny Boy Williamson III', 'DJ WaveyCat', 'Jerry Gordon'}",{'KPC'},{'Mary Kate'},"{'ROBO_Head, the AI DJ'}",{'Grady'},{'DJ Breezy'},{'DJ Pup'},{'Dylan Fox'},{'Wilbo'},{'Pat'},{'Henry'},"{'Selecta Jerry', 'Isadora'}",{'Tim'},{'Krista'},{'Lenca'},,,,,,,,,,,,,,,,,,
{'Adam from News and Culture // Methuselah Mouse'},{'Andi'},{'Anika'},{'Casey'},{'Classy Murmur'},"{'wired academic', 'DJ Nem'}","{'Stitching Pink', 'Wax', 'DJ Ringworm'}",{'John Tobias'},{'Paige'},{'Paolo'},{'haley'},{'CJ'},"{'Pethie', 'Readie Righteous', 'Esoterica', 'Mike Lupica', 'Commie Francis', 'Lizbot'}",{'PAX'},"{'Dante', 'tomm', 'hanna', 'ameena'}",{'ramona jade'},{'sara'},"{'xenfoyel', 'Bernie King'}",{'Captain Ahab'},"{'Nikhil', 'DJ Flex Luthor'}",{'Dan Buskirk'},{'Dan Ruccia'},{'Freddie Furia'},{'Horsewater'},{'Jen'},{'Jon Solomon'},{'Lili'},"{'Number 6', 'Mike Hunter'}",{'DJ McSweden'},{'Dana K'},"{'Sonny Boy Williamson III', 'DJ WaveyCat', 'Jerry Gordon'}",{'KPC'},{'Mary Kate'},"{'ROBO_Head, the AI DJ'}",{'Grady'},{'DJ Breezy'},{'DJ Pup'},{'Dylan Fox'},{'Wilbo'},{'Pat'},{'Henry'},"{'Selecta Jerry', 'Isadora'}",{'Tim'},{'Krista'},{'Lenca'},,,,,,,,,,,,,,,,,
{'Adam from News and Culture // Methuselah Mouse'},{'Andi'},{'Anika'},{'Casey'},{'Classy Murmur'},{'DJ Nem'},"{'Stitching Pink', 'Wax', 'DJ Ringworm'}",{'John Tobias'},{'Paige'},{'Paolo'},{'haley'},{'wired academic'},{'CJ'},"{'Pethie', 'Readie Righteous', 'Esoterica', 'Mike Lupica', 'Commie Francis', 'Lizbot'}",{'PAX'},"{'Dante', 'tomm', 'hanna', 'ameena'}",{'ramona jade'},{'sara'},"{'xenfoyel', 'Bernie King'}",{'Captain Ahab'},"{'Nikhil', 'DJ Flex Luthor'}",{'Dan Buskirk'},{'Dan Ruccia'},{'Freddie Furia'},{'Horsewater'},{'Jen'},{'Jon Solomon'},{'Lili'},"{'Number 6', 'Mike Hunter'}",{'DJ McSweden'},{'Dana K'},"{'Sonny Boy Williamson III', 'DJ WaveyCat', 'Jerry Gordon'}",{'KPC'},{'Mary Kate'},"{'ROBO_Head, the AI DJ'}",{'Grady'},{'DJ Breezy'},{'DJ Pup'},{'Dylan Fox'},{'Wilbo'},{'Pat'},{'Henry'},"{'Selecta Jerry', 'Isadora'}",{'Tim'},{'Krista'},{'Lenca'},,,,,,,,,,,,,,,,
{'Adam from News and Culture // Methuselah Mouse'},{'Andi'},{'Anika'},{'Casey'},{'Classy Murmur'},{'DJ Nem'},{'DJ Ringworm'},{'John Tobias'},{'Paige'},{'Paolo'},"{'Stitching Pink', 'Wax'}",{'haley'},{'wired academic'},{'CJ'},"{'Pethie', 'Readie Righteous', 'Esoterica', 'Mike Lupica', 'Commie Francis', 'Lizbot'}",{'PAX'},"{'Dante', 'tomm', 'hanna', 'ameena'}",{'ramona jade'},{'sara'},"{'xenfoyel', 'Bernie King'}",{'Captain Ahab'},"{'Nikhil', 'DJ Flex Luthor'}",{'Dan Buskirk'},{'Dan Ruccia'},{'Freddie Furia'},{'Horsewater'},{'Jen'},{'Jon Solomon'},{'Lili'},"{'Number 6', 'Mike Hunter'}",{'DJ McSweden'},{'Dana K'},"{'Sonny Boy Williamson III', 'DJ WaveyCat', 'Jerry Gordon'}",{'KPC'},{'Mary Kate'},"{'ROBO_Head, the AI DJ'}",{'Grady'},{'DJ Breezy'},{'DJ Pup'},{'Dylan Fox'},{'Wilbo'},{'Pat'},{'Henry'},"{'Selecta Jerry', 'Isadora'}",{'Tim'},{'Krista'},{'Lenca'},,,,,,,,,,,,,,,
{'Adam from News and Culture // Methuselah Mouse'},{'Andi'},{'Anika'},{'Casey'},{'Classy Murmur'},{'DJ Nem'},{'DJ Ringworm'},{'John Tobias'},{'Paige'},{'Paolo'},{'Stitching Pink'},{'Wax'},{'haley'},{'wired academic'},{'CJ'},"{'Pethie', 'Readie Righteous', 'Esoterica', 'Mike Lupica', 'Commie Francis', 'Lizbot'}",{'PAX'},"{'Dante', 'tomm', 'hanna', 'ameena'}",{'ramona jade'},{'sara'},"{'xenfoyel', 'Bernie King'}",{'Captain Ahab'},"{'Nikhil', 'DJ Flex Luthor'}",{'Dan Buskirk'},{'Dan Ruccia'},{'Freddie Furia'},{'Horsewater'},{'Jen'},{'Jon Solomon'},{'Lili'},"{'Number 6', 'Mike Hunter'}",{'DJ McSweden'},{'Dana K'},"{'Sonny Boy Williamson III', 'DJ WaveyCat', 'Jerry Gordon'}",{'KPC'},{'Mary Kate'},"{'ROBO_Head, the AI DJ'}",{'Grady'},{'DJ Breezy'},{'DJ Pup'},{'Dylan Fox'},{'Wilbo'},{'Pat'},{'Henry'},"{'Selecta Jerry', 'Isadora'}",{'Tim'},{'Krista'},{'Lenca'},,,,,,,,,,,,,,
{'Adam from News and Culture // Methuselah Mouse'},{'Andi'},{'Anika'},{'Casey'},{'Classy Murmur'},{'DJ Nem'},{'DJ Ringworm'},{'John Tobias'},{'Paige'},{'Paolo'},{'Stitching Pink'},{'Wax'},{'haley'},{'wired academic'},{'CJ'},{'Lizbot'},{'PAX'},"{'Pethie', 'Readie Righteous', 'Esoterica', 'Mike Lupica', 'Commie Francis'}","{'Dante', 'tomm', 'hanna', 'ameena'}",{'ramona jade'},{'sara'},"{'xenfoyel', 'Bernie King'}",{'Captain Ahab'},"{'Nikhil', 'DJ Flex Luthor'}",{'Dan Buskirk'},{'Dan Ruccia'},{'Freddie Furia'},{'Horsewater'},{'Jen'},{'Jon Solomon'},{'Lili'},"{'Number 6', 'Mike Hunter'}",{'DJ McSweden'},{'Dana K'},"{'Sonny Boy Williamson III', 'DJ WaveyCat', 'Jerry Gordon'}",{'KPC'},{'Mary Kate'},"{'ROBO_Head, the AI DJ'}",{'Grady'},{'DJ Breezy'},{'DJ Pup'},{'Dylan Fox'},{'Wilbo'},{'Pat'},{'Henry'},"{'Selecta Jerry', 'Isadora'}",{'Tim'},{'Krista'},{'Lenca'},,,,,,,,,,,,,
{'Adam from News and Culture // Methuselah Mouse'},{'Andi'},{'Anika'},{'Casey'},{'Classy Murmur'},{'DJ Nem'},{'DJ Ringworm'},{'John Tobias'},{'Paige'},{'Paolo'},{'Stitching Pink'},{'Wax'},{'haley'},{'wired academic'},{'CJ'},{'Lizbot'},{'PAX'},{'Pethie'},"{'Dante', 'tomm', 'hanna', 'ameena'}",{'ramona jade'},{'sara'},"{'xenfoyel', 'Bernie King'}",{'Captain Ahab'},"{'Nikhil', 'DJ Flex Luthor'}",{'Dan Buskirk'},{'Dan Ruccia'},{'Freddie Furia'},{'Horsewater'},{'Jen'},{'Jon Solomon'},{'Lili'},"{'Commie Francis', 'Esoterica', 'Mike Lupica', 'Readie Righteous'}","{'Number 6', 'Mike Hunter'}",{'DJ McSweden'},{'Dana K'},"{'Sonny Boy Williamson III', 'DJ WaveyCat', 'Jerry Gordon'}",{'KPC'},{'Mary Kate'},"{'ROBO_Head, the AI DJ'}",{'Grady'},{'DJ Breezy'},{'DJ Pup'},{'Dylan Fox'},{'Wilbo'},{'Pat'},{'Henry'},"{'Selecta Jerry', 'Isadora'}",{'Tim'},{'Krista'},{'Lenca'},,,,,,,,,,,,
{'Adam from News and Culture // Methuselah Mouse'},{'Andi'},{'Anika'},{'Casey'},{'Classy Murmur'},{'DJ Nem'},{'DJ Ringworm'},{'John Tobias'},{'Paige'},{'Paolo'},{'Stitching Pink'},{'Wax'},{'haley'},{'wired academic'},{'CJ'},{'Lizbot'},{'PAX'},{'Pethie'},{'ameena'},"{'Dante', 'hanna', 'tomm'}",{'ramona jade'},{'sara'},"{'xenfoyel', 'Bernie King'}",{'Captain Ahab'},"{'Nikhil', 'DJ Flex Luthor'}",{'Dan Buskirk'},{'Dan Ruccia'},{'Freddie Furia'},{'Horsewater'},{'Jen'},{'Jon Solomon'},{'Lili'},"{'Commie Francis', 'Esoterica', 'Mike Lupica', 'Readie Righteous'}","{'Number 6', 'Mike Hunter'}",{'DJ McSweden'},{'Dana K'},"{'Sonny Boy Williamson III', 'DJ WaveyCat', 'Jerry Gordon'}",{'KPC'},{'Mary Kate'},"{'ROBO_Head, the AI DJ'}",{'Grady'},{'DJ Breezy'},{'DJ Pup'},{'Dylan Fox'},{'Wilbo'},{'Pat'},{'Henry'},"{'Selecta Jerry', 'Isadora'}",{'Tim'},{'Krista'},{'Lenca'},,,,,,,,,,,
{'Adam from News and Culture // Methuselah Mouse'},{'Andi'},{'Anika'},{'Casey'},{'Classy Murmur'},{'DJ Nem'},{'DJ Ringworm'},{'John Tobias'},{'Paige'},{'Paolo'},{'Stitching Pink'},{'Wax'},{'haley'},{'wired academic'},{'CJ'},{'Lizbot'},{'PAX'},{'Pethie'},{'ameena'},{'hanna'},{'ramona jade'},{'sara'},"{'Dante', 'tomm'}","{'xenfoyel', 'Bernie King'}",{'Captain Ahab'},"{'Nikhil', 'DJ Flex Luthor'}",{'Dan Buskirk'},{'Dan Ruccia'},{'Freddie Furia'},{'Horsewater'},{'Jen'},{'Jon Solomon'},{'Lili'},"{'Commie Francis', 'Esoterica', 'Mike Lupica', 'Readie Righteous'}","{'Number 6', 'Mike Hunter'}",{'DJ McSweden'},{'Dana K'},"{'Sonny Boy Williamson III', 'DJ WaveyCat', 'Jerry Gordon'}",{'KPC'},{'Mary Kate'},"{'ROBO_Head, the AI DJ'}",{'Grady'},{'DJ Breezy'},{'DJ Pup'},{'Dylan Fox'},{'Wilbo'},{'Pat'},{'Henry'},"{'Selecta Jerry', 'Isadora'}",{'Tim'},{'Krista'},{'Lenca'},,,,,,,,,,
{'Adam from News and Culture // Methuselah Mouse'},{'Andi'},{'Anika'},{'Casey'},{'Classy Murmur'},{'DJ Nem'},{'DJ Ringworm'},{'John Tobias'},{'Paige'},{'Paolo'},{'Stitching Pink'},{'Wax'},{'haley'},{'wired academic'},{'CJ'},{'Lizbot'},{'PAX'},{'Pethie'},{'ameena'},{'hanna'},{'ramona jade'},{'sara'},{'tomm'},"{'xenfoyel', 'Bernie King'}",{'Captain Ahab'},"{'Nikhil', 'DJ Flex Luthor'}",{'Dan Buskirk'},{'Dan Ruccia'},{'Freddie Furia'},{'Horsewater'},{'Jen'},{'Jon Solomon'},{'Lili'},"{'Commie Francis', 'Esoterica', 'Mike Lupica', 'Readie Righteous'}","{'Number 6', 'Mike Hunter'}",{'DJ McSweden'},{'Dana K'},"{'Sonny Boy Williamson III', 'DJ WaveyCat', 'Jerry Gordon'}",{'KPC'},{'Mary Kate'},"{'ROBO_Head, the AI DJ'}",{'Grady'},{'DJ Breezy'},{'DJ Pup'},{'Dylan Fox'},{'Wilbo'},{'Pat'},{'Dante'},{'Henry'},"{'Selecta Jerry', 'Isadora'}",{'Tim'},{'Krista'},{'Lenca'},,,,,,,,,
{'Adam from News and Culture // Methuselah Mouse'},{'Andi'},{'Anika'},{'Casey'},{'Classy Murmur'},{'DJ Nem'},{'DJ Ringworm'},{'John Tobias'},{'Paige'},{'Paolo'},{'Stitching Pink'},{'Wax'},{'haley'},{'wired academic'},{'CJ'},{'Lizbot'},{'PAX'},{'Pethie'},{'ameena'},{'hanna'},{'ramona jade'},{'sara'},{'tomm'},{'xenfoyel'},{'Bernie King'},{'Captain Ahab'},"{'Nikhil', 'DJ Flex Luthor'}",{'Dan Buskirk'},{'Dan Ruccia'},{'Freddie Furia'},{'Horsewater'},{'Jen'},{'Jon Solomon'},{'Lili'},"{'Commie Francis', 'Esoterica', 'Mike Lupica', 'Readie Righteous'}","{'Number 6', 'Mike Hunter'}",{'DJ McSweden'},{'Dana K'},"{'Sonny Boy Williamson III', 'DJ WaveyCat', 'Jerry Gordon'}",{'KPC'},{'Mary Kate'},"{'ROBO_Head, the AI DJ'}",{'Grady'},{'DJ Breezy'},{'DJ Pup'},{'Dylan Fox'},{'Wilbo'},{'Pat'},{'Dante'},{'Henry'},"{'Selecta Jerry', 'Isadora'}",{'Tim'},{'Krista'},{'Lenca'},,,,,,,,
{'Adam from News and Culture // Methuselah Mouse'},{'Andi'},{'Anika'},{'Casey'},{'Classy Murmur'},{'DJ Nem'},{'DJ Ringworm'},{'John Tobias'},{'Paige'},{'Paolo'},{'Stitching Pink'},{'Wax'},{'haley'},{'wired academic'},{'CJ'},{'Lizbot'},{'PAX'},{'Pethie'},{'ameena'},{'hanna'},{'ramona jade'},{'sara'},{'tomm'},{'xenfoyel'},{'Bernie King'},{'Captain Ahab'},{'DJ Flex Luthor'},{'Dan Buskirk'},{'Dan Ruccia'},{'Freddie Furia'},{'Horsewater'},{'Jen'},{'Jon Solomon'},{'Lili'},"{'Commie Francis', 'Esoterica', 'Mike Lupica', 'Readie Righteous'}","{'Number 6', 'Mike Hunter'}",{'DJ McSweden'},{'Dana K'},"{'Sonny Boy Williamson III', 'DJ WaveyCat', 'Jerry Gordon'}",{'KPC'},{'Mary Kate'},"{'ROBO_Head, the AI DJ'}",{'Grady'},{'DJ Breezy'},{'Nikhil'},{'DJ Pup'},{'Dylan Fox'},{'Wilbo'},{'Pat'},{'Dante'},{'Henry'},"{'Selecta Jerry', 'Isadora'}",{'Tim'},{'Krista'},{'Lenca'},,,,,,,
{'Adam from News and Culture // Methuselah Mouse'},{'Andi'},{'Anika'},{'Casey'},{'Classy Murmur'},{'DJ Nem'},{'DJ Ringworm'},{'John Tobias'},{'Paige'},{'Paolo'},{'Stitching Pink'},{'Wax'},{'haley'},{'wired academic'},{'CJ'},{'Lizbot'},{'PAX'},{'Pethie'},{'ameena'},{'hanna'},{'ramona jade'},{'sara'},{'tomm'},{'xenfoyel'},{'Bernie King'},{'Captain Ahab'},{'DJ Flex Luthor'},{'Dan Buskirk'},{'Dan Ruccia'},{'Freddie Furia'},{'Horsewater'},{'Jen'},{'Jon Solomon'},{'Lili'},{'Mike Lupica'},"{'Number 6', 'Mike Hunter'}","{'Commie Francis', 'Esoterica', 'Readie Righteous'}",{'DJ McSweden'},{'Dana K'},"{'Sonny Boy Williamson III', 'DJ WaveyCat', 'Jerry Gordon'}",{'KPC'},{'Mary Kate'},"{'ROBO_Head, the AI DJ'}",{'Grady'},{'DJ Breezy'},{'Nikhil'},{'DJ Pup'},{'Dylan Fox'},{'Wilbo'},{'Pat'},{'Dante'},{'Henry'},"{'Selecta Jerry', 'Isadora'}",{'Tim'},{'Krista'},{'Lenca'},,,,,,
{'Adam from News and Culture // Methuselah Mouse'},{'Andi'},{'Anika'},{'Casey'},{'Classy Murmur'},{'DJ Nem'},{'DJ Ringworm'},{'John Tobias'},{'Paige'},{'Paolo'},{'Stitching Pink'},{'Wax'},{'haley'},{'wired academic'},{'CJ'},{'Lizbot'},{'PAX'},{'Pethie'},{'ameena'},{'hanna'},{'ramona jade'},{'sara'},{'tomm'},{'xenfoyel'},{'Bernie King'},{'Captain Ahab'},{'DJ Flex Luthor'},{'Dan Buskirk'},{'Dan Ruccia'},{'Freddie Furia'},{'Horsewater'},{'Jen'},{'Jon Solomon'},{'Lili'},{'Mike Lupica'},{'Number 6'},"{'Commie Francis', 'Esoterica', 'Readie Righteous'}",{'DJ McSweden'},{'Dana K'},"{'Sonny Boy Williamson III', 'DJ WaveyCat', 'Jerry Gordon'}",{'KPC'},{'Mary Kate'},"{'ROBO_Head, the AI DJ'}",{'Grady'},{'DJ Breezy'},{'Nikhil'},{'DJ Pup'},{'Dylan Fox'},{'Wilbo'},{'Pat'},{'Dante'},{'Henry'},"{'Selecta Jerry', 'Isadora'}",{'Tim'},{'Krista'},{'Lenca'},{'Mike Hunter'},,,,,
{'Adam from News and Culture // Methuselah Mouse'},{'Andi'},{'Anika'},{'Casey'},{'Classy Murmur'},{'DJ Nem'},{'DJ Ringworm'},{'John Tobias'},{'Paige'},{'Paolo'},{'Stitching Pink'},{'Wax'},{'haley'},{'wired academic'},{'CJ'},{'Lizbot'},{'PAX'},{'Pethie'},{'ameena'},{'hanna'},{'ramona jade'},{'sara'},{'tomm'},{'xenfoyel'},{'Bernie King'},{'Captain Ahab'},{'DJ Flex Luthor'},{'Dan Buskirk'},{'Dan Ruccia'},{'Freddie Furia'},{'Horsewater'},{'Jen'},{'Jon Solomon'},{'Lili'},{'Mike Lupica'},{'Number 6'},{'Commie Francis'},{'DJ McSweden'},{'Dana K'},"{'Readie Righteous', 'Esoterica'}","{'Sonny Boy Williamson III', 'DJ WaveyCat', 'Jerry Gordon'}",{'KPC'},{'Mary Kate'},"{'ROBO_Head, the AI DJ'}",{'Grady'},{'DJ Breezy'},{'Nikhil'},{'DJ Pup'},{'Dylan Fox'},{'Wilbo'},{'Pat'},{'Dante'},{'Henry'},"{'Selecta Jerry', 'Isadora'}",{'Tim'},{'Krista'},{'Lenca'},{'Mike Hunter'},,,,
{'Adam from News and Culture // Methuselah Mouse'},{'Andi'},{'Anika'},{'Casey'},{'Classy Murmur'},{'DJ Nem'},{'DJ Ringworm'},{'John Tobias'},{'Paige'},{'Paolo'},{'Stitching Pink'},{'Wax'},{'haley'},{'wired academic'},{'CJ'},{'Lizbot'},{'PAX'},{'Pethie'},{'ameena'},{'hanna'},{'ramona jade'},{'sara'},{'tomm'},{'xenfoyel'},{'Bernie King'},{'Captain Ahab'},{'DJ Flex Luthor'},{'Dan Buskirk'},{'Dan Ruccia'},{'Freddie Furia'},{'Horsewater'},{'Jen'},{'Jon Solomon'},{'Lili'},{'Mike Lupica'},{'Number 6'},{'Commie Francis'},{'DJ McSweden'},{'Dana K'},{'Esoterica'},"{'Sonny Boy Williamson III', 'DJ WaveyCat', 'Jerry Gordon'}",{'KPC'},{'Mary Kate'},"{'ROBO_Head, the AI DJ'}",{'Grady'},{'Readie Righteous'},{'DJ Breezy'},{'Nikhil'},{'DJ Pup'},{'Dylan Fox'},{'Wilbo'},{'Pat'},{'Dante'},{'Henry'},"{'Selecta Jerry', 'Isadora'}",{'Tim'},{'Krista'},{'Lenca'},{'Mike Hunter'},,,
{'Adam from News and Culture // Methuselah Mouse'},{'Andi'},{'Anika'},{'Casey'},{'Classy Murmur'},{'DJ Nem'},{'DJ Ringworm'},{'John Tobias'},{'Paige'},{'Paolo'},{'Stitching Pink'},{'Wax'},{'haley'},{'wired academic'},{'CJ'},{'Lizbot'},{'PAX'},{'Pethie'},{'ameena'},{'hanna'},{'ramona jade'},{'sara'},{'tomm'},{'xenfoyel'},{'Bernie King'},{'Captain Ahab'},{'DJ Flex Luthor'},{'Dan Buskirk'},{'Dan Ruccia'},{'Freddie Furia'},{'Horsewater'},{'Jen'},{'Jon Solomon'},{'Lili'},{'Mike Lupica'},{'Number 6'},{'Commie Francis'},{'DJ McSweden'},{'Dana K'},{'Esoterica'},{'Jerry Gordon'},{'KPC'},{'Mary Kate'},"{'ROBO_Head, the AI DJ'}",{'Grady'},{'Readie Righteous'},{'DJ Breezy'},{'Nikhil'},{'DJ Pup'},"{'Sonny Boy Williamson III', 'DJ WaveyCat'}",{'Dylan Fox'},{'Wilbo'},{'Pat'},{'Dante'},{'Henry'},"{'Selecta Jerry', 'Isadora'}",{'Tim'},{'Krista'},{'Lenca'},{'Mike Hunter'},,
{'Adam from News and Culture // Methuselah Mouse'},{'Andi'},{'Anika'},{'Casey'},{'Classy Murmur'},{'DJ Nem'},{'DJ Ringworm'},{'John Tobias'},{'Paige'},{'Paolo'},{'Stitching Pink'},{'Wax'},{'haley'},{'wired academic'},{'CJ'},{'Lizbot'},{'PAX'},{'Pethie'},{'ameena'},{'hanna'},{'ramona jade'},{'sara'},{'tomm'},{'xenfoyel'},{'Bernie King'},{'Captain Ahab'},{'DJ Flex Luthor'},{'Dan Buskirk'},{'Dan Ruccia'},{'Freddie Furia'},{'Horsewater'},{'Jen'},{'Jon Solomon'},{'Lili'},{'Mike Lupica'},{'Number 6'},{'Commie Francis'},{'DJ McSweden'},{'Dana K'},{'Esoterica'},{'Jerry Gordon'},{'KPC'},{'Mary Kate'},"{'ROBO_Head, the AI DJ'}",{'Grady'},{'Readie Righteous'},{'DJ Breezy'},{'Nikhil'},{'DJ Pup'},{'Sonny Boy Williamson III'},{'DJ WaveyCat'},{'Dylan Fox'},{'Wilbo'},{'Pat'},{'Dante'},{'Henry'},"{'Selecta Jerry', 'Isadora'}",{'Tim'},{'Krista'},{'Lenca'},{'Mike Hunter'},
{'Adam from News and Culture // Methuselah Mouse'},{'Andi'},{'Anika'},{'Casey'},{'Classy Murmur'},{'DJ Nem'},{'DJ Ringworm'},{'John Tobias'},{'Paige'},{'Paolo'},{'Stitching Pink'},{'Wax'},{'haley'},{'wired academic'},{'CJ'},{'Lizbot'},{'PAX'},{'Pethie'},{'ameena'},{'hanna'},{'ramona jade'},{'sara'},{'tomm'},{'xenfoyel'},{'Bernie King'},{'Captain Ahab'},{'DJ Flex Luthor'},{'Dan Buskirk'},{'Dan Ruccia'},{'Freddie Furia'},{'Horsewater'},{'Jen'},{'Jon Solomon'},{'Lili'},{'Mike Lupica'},{'Number 6'},{'Commie Francis'},{'DJ McSweden'},{'Dana K'},{'Esoterica'},{'Jerry Gordon'},{'KPC'},{'Mary Kate'},"{'ROBO_Head, the AI DJ'}",{'Grady'},{'Readie Righteous'},{'DJ Breezy'},{'Nikhil'},{'DJ Pup'},{'Sonny Boy Williamson III'},{'DJ WaveyCat'},{'Dylan Fox'},{'Wilbo'},{'Pat'},{'Dante'},{'Henry'},{'Isadora'},{'Selecta Jerry'},{'Tim'},{'Krista'},{'Lenca'},{'Mike Hunter'}
